{"0": 0.680589289589816, "1": 0.6804058234023682, "2": 0.6800451828405085, "3": 0.6806058979813668, "4": 0.6803658856490408}