{
    "0": 0.681731100266191,
    "1": 0.6802071419632754,
    "2": 0.6812473011873661,
    "3": 0.6801177027682116,
    "4": 0.6811343297902615,
    "5": 0.6809618409180307,
    "6": 0.6824290254501694,
    "7": 0.68049578747934,
    "8": 0.6822580651665038,
    "9": 0.6807486081997218
}