{
    "0": 0.681809666577856,
    "1": 0.6805578354020632,
    "2": 0.6806454624686432,
    "3": 0.6814876293453834,
    "4": 0.6807251935020673,
    "5": 0.6818436672593257,
    "6": 0.6804328971024493,
    "7": 0.6801770102061063,
    "8": 0.6803899605533248,
    "9": 0.6820146260052102
}